Ave_close,Ave_open,CostPercentOfTxVol,DATE,Franc_Can_Conversion_rate,Franc_Can_Reciprocal_rate,Franc_EUR_Conversion_rate,Franc_Euro_Reciprocal_rate,Franc_GBP_Conversion_rate,Franc_GBP_Reciprocal_rate,Franc_USD_Conversion_rate,Franc_USD_Reciprocal_rate,should_have_bought
5.79,5.85,9.720915467,9/14/2011,1.1299,0.885,0.8314,1.2028,0.7227,1.3837,1.1398,0.8773,FALSE
5.51644,5.699966667,14.11606633,9/15/2011,1.1335,0.8822,0.8288,1.2065,0.7266,1.3762,1.1485,0.8707,FALSE
4.89,5.413106667,7.10211068,9/16/2011,1.1209,0.8921,0.8287,1.2067,0.7228,1.3834,1.1421,0.8755,TRUE
4.973333333,4.710133333,8.761324413,9/19/2011,1.1195,0.8933,0.8294,1.2056,0.7217,1.3857,1.131,0.8841,TRUE
5.280003333,4.960666667,8.492419708,9/20/2011,1.1177,0.8947,0.8223,1.2162,0.7166,1.3955,1.1263,0.8879,TRUE
5.857303333,5.29401,6.114103528,9/21/2011,1.1178,0.8946,0.8157,1.226,0.7168,1.3952,1.1194,0.8934,FALSE
5.642163333,5.820636667,10.03959583,9/22/2011,1.1381,0.8787,0.8195,1.2202,0.7175,1.3937,1.1018,0.9076,FALSE
5.50058,5.60745,11.91333825,9/23/2011,1.1375,0.8791,0.8185,1.2218,0.715,1.3987,1.1063,0.9039,TRUE
5.493333333,5.54,10.45503774,9/26/2011,1.1458,0.8728,0.82,1.2196,0.7126,1.4033,1.1082,0.9023,FALSE
4.756563333,5.527996667,8.54939249,9/27/2011,1.1375,0.8791,0.8204,1.2189,0.7119,1.4047,1.1162,0.8959,TRUE
4.8152,4.806563333,10.21109765,9/28/2011,1.1417,0.8759,0.8194,1.2205,0.7136,1.4014,1.1166,0.8956,FALSE
4.704156667,4.808543333,13.32462653,9/29/2011,1.1553,0.8656,0.8194,1.2204,0.7126,1.4034,1.1175,0.8948,TRUE
4.719783333,4.703283333,10.21106396,9/30/2011,1.148,0.8711,0.8217,1.217,0.7073,1.4139,1.105,0.905,TRUE
4.928003333,4.942336667,9.308052331,10/4/2011,1.1495,0.8699,0.8155,1.2263,0.7038,1.4208,1.084,0.9225,FALSE
4.896666667,4.911336667,8.620130272,10/5/2011,1.132,0.8834,0.8129,1.2301,0.7019,1.4247,1.0834,0.9231,FALSE
4.833333333,4.873333333,4.958347019,10/6/2011,1.1311,0.8841,0.8089,1.2363,0.7044,1.4197,1.0845,0.9221,FALSE
4.73481,4.816673333,7.295220627,10/7/2011,1.1283,0.8863,0.8085,1.2368,0.6991,1.4305,1.0925,0.9154,FALSE
4.03096,4.032523333,10.57697791,10/10/2011,1.096335838,0.913507514,0.82072948,1.218603854,0.681853757,1.467274566,1.078,0.928243353,TRUE
4.236666667,4.033333333,6.73752918,10/11/2011,1.1347,0.8813,0.8077,1.238,0.7074,1.4137,1.103,0.9066,FALSE
3.982266667,4.046946667,8.465316765,10/12/2011,1.1362,0.8801,0.8098,1.2349,0.7095,1.4094,1.1179,0.8946,TRUE
4.016333333,3.93194,6.338968746,10/13/2011,1.1374,0.8792,0.8091,1.2359,0.7064,1.4157,1.111,0.9001,FALSE
3.972383333,3.996666667,8.650519432,10/14/2011,1.1357,0.8805,0.8075,1.2384,0.7081,1.4123,1.1192,0.8935,FALSE
2.959993333,3.686333333,6.146946593,10/18/2011,1.1275,0.8869,0.8087,1.2365,0.7088,1.4109,1.1094,0.9014,FALSE
2.30567,2.223333333,7.238953,10/21/2011,1.1399,0.8773,0.8143,1.228,0.7085,1.4114,1.1296,0.8853,TRUE
2.671666667,3.038856667,5.84680329,10/25/2011,1.1533,0.8671,0.8173,1.2235,0.7109,1.4066,1.1369,0.8796,TRUE
2.730393333,2.55988,4.486314262,10/26/2011,1.1423,0.8754,0.8172,1.2237,0.711,1.4064,1.1309,0.8843,TRUE
2.736006667,2.757933333,7.391155239,10/27/2011,1.1547,0.866,0.8196,1.2201,0.7223,1.3845,1.1614,0.861,FALSE
3.346666667,3.693676667,8.083990901,10/31/2011,1.141,0.8764,0.8235,1.2144,0.7115,1.4054,1.1485,0.8707,FALSE
3.25767,3.225,5.776616162,11/1/2011,1.1454,0.8731,0.8213,1.2176,0.7044,1.4197,1.1232,0.8903,FALSE
3.187333333,3.267056667,5.460776183,11/2/2011,1.1496,0.8699,0.8226,1.2156,0.7108,1.4068,1.1353,0.8808,FALSE
2.958863333,2.96667,10.04851739,11/7/2011,1.1283,0.8863,0.8071,1.2389,0.6922,1.4447,1.1092,0.9015,TRUE
3.035326667,3.034256667,3.252667115,11/9/2011,1.1226,0.8908,0.8117,1.232,0.6916,1.446,1.1035,0.9062,TRUE
3.060003333,3.033903333,5.80349865,11/10/2011,1.1249,0.889,0.8118,1.2318,0.6928,1.4434,1.1039,0.9059,FALSE
2.99966,3.043003333,4.356505684,11/11/2011,1.096335838,0.913507514,0.82072948,1.218603854,0.681853757,1.467274566,1.078,0.928243353,TRUE
3.107953333,3.093656667,5.528559334,11/14/2011,1.1217,0.8915,0.8089,1.2362,0.6933,1.4425,1.1021,0.9074,FALSE
2.326666667,2.942576667,5.273771043,11/15/2011,1.115,0.8969,0.8056,1.2413,0.6887,1.4519,1.0894,0.9179,TRUE
2.382986667,2.5033,0.473524219,11/16/2011,1.1131,0.8984,0.8075,1.2383,0.6917,1.4458,1.0906,0.9169,TRUE
2.719783333,2.386666667,0.281331767,11/17/2011,1.1155,0.8965,0.8068,1.2395,0.6904,1.4484,1.0908,0.9167,FALSE
2.496666667,2.706666667,0.22781628,11/18/2011,1.1204,0.8925,0.8075,1.2384,0.6917,1.4456,1.0918,0.9159,TRUE
2.252666667,2.234133333,0.580948695,11/21/2011,1.1339,0.8819,0.8073,1.2387,0.6972,1.4343,1.0919,0.9159,FALSE
2.247666667,2.279333333,0.405060333,11/22/2011,1.1336,0.8821,0.8099,1.2347,0.6988,1.4309,1.0934,0.9146,TRUE
2.399633333,2.36599,0.571379919,11/23/2011,1.1388,0.8781,0.8141,1.2283,0.7005,1.4275,1.0866,0.9203,TRUE
2.574033333,2.3889,3.662688656,11/25/2011,1.1287,0.886,0.8127,1.2304,0.6959,1.437,1.0763,0.9291,TRUE
2.57,2.53997,0.339633625,11/29/2011,1.1197,0.8931,0.8151,1.2268,0.6961,1.4366,1.0875,0.9195,TRUE
2.724396667,2.55766,0.154478788,11/30/2011,1.1197,0.8931,0.8162,1.2251,0.6992,1.4303,1.0981,0.9107,TRUE
2.984033333,2.911466667,0.376206404,12/1/2011,1.1133,0.8982,0.8114,1.2325,0.6971,1.4345,1.0943,0.9139,TRUE
3.176666667,3.113333333,0.237357719,12/2/2011,1.1026,0.9069,0.8104,1.2339,0.6957,1.4373,1.0847,0.9219,TRUE
2.850933333,2.79402,0.136530635,12/6/2011,1.0918,0.9159,0.8056,1.2413,0.6927,1.4436,1.0792,0.9266,TRUE
2.953333333,2.876666667,0.138392197,12/7/2011,1.0922,0.9156,0.8074,1.2385,0.6889,1.4517,1.0809,0.9252,TRUE
3.013636667,2.972333333,0.19746304,12/8/2011,1.099,0.9099,0.8092,1.2358,0.6897,1.45,1.0782,0.9275,TRUE
3.050266667,3.00332,0.645234713,12/9/2011,1.1035,0.9062,0.8093,1.2357,0.6916,1.4459,1.0818,0.9244,TRUE
3.227366667,3.046666667,2.167924013,12/12/2011,1.0976,0.9111,0.81,1.2345,0.685,1.4599,1.0682,0.9361,TRUE
3.238333333,3.280003333,3.973010482,12/13/2011,1.0918,0.9159,0.8108,1.2333,0.6837,1.4625,1.0616,0.9419,TRUE
3.279966667,3.167736667,5.641148045,12/14/2011,1.0918,0.9159,0.8089,1.2363,0.6794,1.472,1.0492,0.9531,FALSE
3.249666667,3.222816667,4.342302447,12/15/2011,1.1,0.9091,0.8178,1.2228,0.6872,1.4552,1.0641,0.9397,FALSE
3.230666667,3.219403333,3.842189831,12/16/2011,1.1082,0.9024,0.8191,1.2209,0.6877,1.4542,1.0668,0.9374,TRUE
3.287666667,3.19187,5.692571928,12/19/2011,1.1067,0.9036,0.8204,1.2189,0.6876,1.4544,1.0678,0.9365,TRUE
3.656733333,3.286333333,3.424554124,12/20/2011,1.1047,0.9052,0.8215,1.2173,0.6853,1.4592,1.0741,0.931,TRUE
4.104666667,3.9234,4.716344858,12/21/2011,1.0968,0.9117,0.8178,1.2228,0.6801,1.4704,1.0663,0.9378,FALSE
4.04,4.1,6.569632034,12/22/2011,1.09,0.9174,0.8181,1.2224,0.6812,1.4681,1.0672,0.9371,FALSE
3.9757,3.971766667,7.896053618,12/23/2011,1.0882,0.9189,0.8175,1.2232,0.6827,1.4647,1.066,0.9381,TRUE
4.182,4.036,10.30421934,12/26/2011,1.096335838,0.913507514,0.82072948,1.218603854,0.681853757,1.467274566,1.078,0.928243353,FALSE
4.106,4.181666667,9.613777766,12/27/2011,1.096335838,0.913507514,0.82072948,1.218603854,0.681853757,1.467274566,1.078,0.928243353,FALSE
4.094703333,4.08,8.041785043,12/28/2011,1.085,0.9217,0.8203,1.2191,0.6849,1.46,1.0602,0.9432,TRUE
4.195173333,4.093323333,6.018874157,12/29/2011,1.0848,0.9218,0.8203,1.219,0.6906,1.448,1.0625,0.9412,TRUE
4.242333333,4.2,7.582560561,12/30/2011,1.0846,0.922,0.8221,1.2164,0.6865,1.4567,1.0665,0.9377,TRUE
5.00922,4.60074,7.35953081,1/2/2012,1.096335838,0.913507514,0.82072948,1.218603854,0.681853757,1.467274566,1.078,0.928243353,TRUE
5.093926667,5.183766667,9.593204734,1/3/2012,1.0827,0.9236,0.8215,1.2172,0.6855,1.4589,1.073,0.9319,FALSE
4.980266667,5.200626667,6.495535354,1/4/2012,1.076,0.9294,0.8211,1.2179,0.679,1.4728,1.0617,0.9419,TRUE
5.577276667,4.873933333,3.484661874,1/5/2012,1.0702,0.9344,0.8211,1.2178,0.6781,1.4748,1.0495,0.9528,TRUE
6.785533333,5.626673333,4.898525395,1/6/2012,1.0707,0.934,0.8225,1.2158,0.6782,1.4745,1.0464,0.9556,TRUE
6.90486,6.618866667,5.367299525,1/9/2012,1.0789,0.9269,0.8242,1.2134,0.6805,1.4696,1.0503,0.9521,FALSE
6.275566667,6.930873333,6.786016645,1/10/2012,1.0715,0.9333,0.8247,1.2125,0.6807,1.4692,1.0542,0.9486,TRUE
6.60734,6.255956667,6.934861697,1/11/2012,1.0668,0.9374,0.8251,1.212,0.683,1.4641,1.0467,0.9554,TRUE
6.774,6.636346667,10.54227323,1/12/2012,1.0797,0.9262,0.826,1.2107,0.6909,1.4473,1.0587,0.9445,FALSE
6.60333,6.757666667,3.61491633,1/13/2012,1.0743,0.9308,0.8269,1.2093,0.6854,1.459,1.0486,0.9536,TRUE
6.96759,6.843303333,6.211557543,1/16/2012,1.066,0.9381,0.827,1.2092,0.6835,1.463,1.0482,0.954,FALSE
6.727513333,6.680256667,5.460295323,1/17/2012,1.0674,0.9369,0.827,1.2092,0.6861,1.4575,1.0535,0.9492,FALSE
5.76666,6.52493,4.635021696,1/18/2012,1.0753,0.93,0.8268,1.2094,0.6882,1.453,1.0605,0.943,TRUE
6.29,5.910076667,5.446709539,1/19/2012,1.0812,0.9249,0.8279,1.2079,0.6917,1.4456,1.071,0.9337,FALSE
6.27993,5.84666,4.742538933,1/20/2012,1.0874,0.9196,0.8281,1.2077,0.6899,1.4494,1.0721,0.9328,TRUE
6.366566667,6.324363333,12.20513081,1/23/2012,1.0876,0.9195,0.8278,1.2081,0.6925,1.4441,1.079,0.9268,FALSE
6.236,6.269533333,6.977976377,1/24/2012,1.0866,0.9203,0.8276,1.2083,0.6901,1.449,1.0762,0.9292,TRUE
6.279926667,6.292,6.552961763,1/25/2012,1.087,0.92,0.8277,1.2082,0.6899,1.4495,1.0741,0.931,FALSE
5.905333333,6.14986,4.970184903,1/26/2012,1.0883,0.9189,0.8286,1.2068,0.6938,1.4413,1.0898,0.9176,FALSE
5.416666667,5.923333333,4.918912988,1/27/2012,1.0952,0.9131,0.8291,1.2061,0.696,1.4367,1.0938,0.9143,TRUE
5.33097,5.511906667,10.03527488,1/30/2012,1.0929,0.915,0.8302,1.2045,0.6944,1.4401,1.0894,0.9179,TRUE
5.452493333,5.276666667,9.420125279,1/31/2012,1.0901,0.9173,0.8309,1.2036,0.6885,1.4525,1.0845,0.9221,FALSE
5.37793,5.492986667,4.823793556,2/1/2012,1.0926,0.9152,0.83,1.2048,0.6913,1.4466,1.0958,0.9126,TRUE
5.85187,5.47141,5.856481429,2/2/2012,1.0917,0.916,0.8304,1.2043,0.6914,1.4463,1.0933,0.9146,TRUE
6.093333333,5.88567,6.78649338,2/3/2012,1.0802,0.9258,0.8288,1.2065,0.6884,1.4526,1.0862,0.9207,FALSE
5.56627,5.86284,6.230808445,2/6/2012,1.0833,0.9231,0.8289,1.2064,0.6875,1.4545,1.0883,0.9189,FALSE
5.446816667,5.556333333,6.276804316,2/7/2012,1.0897,0.9177,0.8271,1.209,0.6894,1.4506,1.0954,0.9129,TRUE
5.526666667,5.404663333,6.457300195,2/8/2012,1.0924,0.9154,0.8267,1.2096,0.6926,1.4438,1.0957,0.9127,TRUE
5.627326667,5.605333333,7.796187541,2/9/2012,1.0919,0.9158,0.8261,1.2106,0.6935,1.4419,1.0984,0.9104,TRUE
5.757,5.51066,8.055138238,2/10/2012,1.0914,0.9163,0.8263,1.2102,0.692,1.4451,1.0897,0.9177,FALSE
5.52456,5.671666667,5.383792748,2/13/2012,1.0925,0.9153,0.8273,1.2088,0.6927,1.4437,1.0929,0.915,FALSE
5.41,5.477893333,1.783051787,2/14/2012,1.0876,0.9195,0.8279,1.2079,0.6938,1.4413,1.0886,0.9186,FALSE
4.75064,5.191333333,1.656377071,2/15/2012,1.0805,0.9255,0.8285,1.2069,0.6902,1.4488,1.0843,0.9223,FALSE
4.462033333,4.631733333,2.351160188,2/16/2012,1.0815,0.9246,0.8282,1.2075,0.6874,1.4548,1.0856,0.9211,FALSE
4.294633333,4.3884,3.763674429,2/17/2012,1.086,0.9208,0.8283,1.2073,0.6888,1.4518,1.0893,0.918,TRUE
4.248896667,4.234336667,6.933852622,2/20/2012,1.0889,0.9184,0.8282,1.2075,0.6923,1.4444,1.0972,0.9114,TRUE
4.467183333,4.410333333,6.214523303,2/21/2012,1.0922,0.9156,0.8277,1.2081,0.6946,1.4397,1.0971,0.9115,FALSE
4.342333333,4.349653333,5.369386521,2/22/2012,1.0979,0.9108,0.8286,1.2068,0.7004,1.4278,1.0979,0.9108,TRUE
4.39844,4.330666667,6.705324575,2/23/2012,1.102,0.9074,0.8293,1.2059,0.703,1.4224,1.1037,0.9061,TRUE
4.915,4.421666667,4.330155726,2/24/2012,1.116,0.8961,0.83,1.2048,0.7042,1.4201,1.1173,0.895,TRUE
4.867333333,4.68501,8.609758297,2/27/2012,1.1107,0.9003,0.8297,1.2053,0.7022,1.4241,1.1126,0.8988,FALSE
4.833326667,4.830666667,6.38255597,2/28/2012,1.111,0.9001,0.8295,1.2055,0.7025,1.4236,1.1159,0.8961,FALSE
4.76566,4.866333333,8.875635916,2/29/2012,1.0934,0.9146,0.8297,1.2053,0.6948,1.4392,1.1083,0.9023,FALSE
4.760003333,4.78266,4.902845196,3/1/2012,1.0878,0.9193,0.8292,1.2059,0.6924,1.4443,1.1045,0.9054,TRUE
4.805766667,4.759666667,2.850799156,3/2/2012,1.0825,0.9238,0.8292,1.2059,0.6907,1.4479,1.0948,0.9134,TRUE
4.692033333,4.554796667,7.454667541,3/5/2012,1.0899,0.9175,0.8293,1.2058,0.6913,1.4466,1.0969,0.9116,TRUE
4.847756667,4.656676667,6.365731793,3/6/2012,1.0901,0.9173,0.8297,1.2053,0.6923,1.4444,1.0885,0.9187,TRUE
4.8617,4.8296,6.761724461,3/7/2012,1.0892,0.9181,0.829,1.2063,0.6923,1.4445,1.09,0.9175,FALSE
4.809173333,4.958033333,8.040597833,3/8/2012,1.0906,0.9169,0.8293,1.2058,0.6949,1.4391,1.0993,0.9097,TRUE
4.85672,4.792506667,7.755051922,3/9/2012,1.0756,0.9297,0.8293,1.2058,0.6935,1.442,1.087,0.92,TRUE
4.803333333,4.744386667,7.762816305,3/12/2012,1.0825,0.9238,0.8292,1.2059,0.6978,1.4331,1.0896,0.9178,FALSE
4.763683333,4.733303333,5.635845998,3/13/2012,1.0768,0.9287,0.8294,1.2057,0.6908,1.4475,1.0871,0.9199,TRUE
5.098,4.763686667,5.814210116,3/14/2012,1.0647,0.9392,0.8245,1.2128,0.6846,1.4607,1.0738,0.9312,TRUE
5.187666667,5.120616667,4.111993698,3/15/2012,1.075,0.9302,0.8285,1.2071,0.691,1.4473,1.0827,0.9236,FALSE
5.168853333,5.188993333,5.155784858,3/16/2012,1.0822,0.924,0.8288,1.2065,0.6889,1.4515,1.0916,0.9161,FALSE
5.149143333,5.220333333,6.852951823,3/19/2012,1.0845,0.9221,0.8289,1.2064,0.6907,1.4479,1.0977,0.911,FALSE
4.7243,5.10243,6.036259916,3/20/2012,1.0888,0.9184,0.8291,1.2062,0.6913,1.4465,1.0961,0.9123,TRUE
4.774966667,4.710386667,5.540594574,3/21/2012,1.0862,0.9206,0.8292,1.2059,0.6902,1.4489,1.0937,0.9143,TRUE
4.788293333,4.76564,6.188810563,3/22/2012,1.0948,0.9134,0.8296,1.2054,0.6924,1.4442,1.0945,0.9137,FALSE
4.711433333,4.744796667,5.095355833,3/23/2012,1.0986,0.9102,0.8298,1.2051,0.6938,1.4413,1.1006,0.9086,FALSE
4.464336667,4.576,6.831829085,3/26/2012,1.0974,0.9112,0.8299,1.2049,0.6939,1.441,1.106,0.9041,TRUE
4.580706667,4.49967,5.425492928,3/27/2012,1.0984,0.9104,0.8296,1.2054,0.6927,1.4436,1.1064,0.9039,TRUE
4.717083333,4.518333333,5.899823253,3/28/2012,1.1014,0.9079,0.8295,1.2056,0.6958,1.4372,1.1032,0.9065,TRUE
4.739333333,4.664666667,4.868413214,3/29/2012,1.1008,0.9084,0.83,1.2049,0.692,1.4451,1.1009,0.9083,FALSE
4.716126667,4.73004,5.410276825,3/30/2012,1.1067,0.9036,0.8307,1.2038,0.693,1.443,1.1077,0.9028,FALSE
4.755666667,4.790006667,5.697880036,4/2/2012,1.0974,0.9112,0.8305,1.204,0.6907,1.4479,1.1066,0.9037,TRUE
4.941333333,4.719023333,4.176639855,4/3/2012,1.0981,0.9107,0.8308,1.2036,0.6941,1.4408,1.1081,0.9025,FALSE
4.917,4.928333333,4.506285629,4/4/2012,1.0864,0.9205,0.8307,1.2038,0.6869,1.4559,1.0905,0.917,FALSE
4.90003,4.889866667,3.550518724,4/5/2012,1.0791,0.9267,0.8319,1.202,0.687,1.4556,1.0869,0.92,TRUE
4.906333333,4.89823,3.416831019,4/6/2012,1.096335838,0.913507514,0.82072948,1.218603854,0.681853757,1.467274566,1.078,0.928243353,TRUE
4.700843333,4.662383333,2.919786927,4/9/2012,1.0862,0.9206,0.8324,1.2013,0.686,1.4577,1.0892,0.9181,TRUE
4.737303333,4.646633333,2.785474485,4/10/2012,1.0906,0.9169,0.8323,1.2015,0.6868,1.456,1.0876,0.9195,TRUE
4.763903333,4.736926667,5.135156525,4/11/2012,1.0953,0.913,0.8327,1.2009,0.6866,1.4565,1.091,0.9166,TRUE
4.8793,4.783803333,2.702529223,4/12/2012,1.0906,0.9169,0.8323,1.2015,0.6877,1.4541,1.0961,0.9123,FALSE
4.853226667,4.855566667,3.246153935,4/13/2012,1.0859,0.9209,0.8318,1.2022,0.6865,1.4567,1.0882,0.919,TRUE
4.94264,4.922566667,4.066585047,4/16/2012,1.0897,0.9177,0.832,1.2019,0.6853,1.4593,1.0871,0.9199,FALSE
4.92567,4.903,3.246525628,4/17/2012,1.0787,0.927,0.8322,1.2016,0.6855,1.4587,1.092,0.9157,TRUE
4.95829,4.92738,3.437959251,4/18/2012,1.0805,0.9255,0.8317,1.2024,0.6812,1.468,1.0912,0.9164,TRUE
5.1326,4.96129,3.9000143,4/19/2012,1.0844,0.9222,0.8319,1.2021,0.6803,1.4699,1.0924,0.9154,FALSE
5.085886667,5.135866667,3.481319016,4/20/2012,1.0896,0.9178,0.8322,1.2016,0.6819,1.4665,1.0994,0.9096,FALSE
5.144506667,5.228326667,6.311837374,4/23/2012,1.0855,0.9212,0.8321,1.2018,0.6785,1.4738,1.0925,0.9153,FALSE
5.011996667,5.15802,3.948239586,4/24/2012,1.086,0.9208,0.8321,1.2018,0.6811,1.4682,1.0989,0.91,TRUE
5.059406667,4.994996667,4.52275984,4/25/2012,1.0824,0.9239,0.8321,1.2018,0.6807,1.4691,1.0991,0.9098,TRUE
5.118606667,5.073326667,3.765200726,4/26/2012,1.0836,0.9228,0.8322,1.2016,0.6802,1.4702,1.1011,0.9082,FALSE
5.025873333,5.093943333,4.317367904,4/27/2012,1.0816,0.9246,0.8326,1.2011,0.6792,1.4724,1.1029,0.9067,FALSE
4.879803333,4.9453,7.401702216,4/30/2012,1.0883,0.9189,0.8324,1.2014,0.6786,1.4737,1.1011,0.9082,TRUE
4.9557,4.8846,5.848313669,5/1/2012,1.0828,0.9235,0.8321,1.2018,0.6784,1.474,1.1005,0.9087,FALSE
4.938333333,4.9357,4.988045962,5/2/2012,1.0828,0.9235,0.8323,1.2015,0.6761,1.479,1.0947,0.9135,TRUE
5.031223333,4.956,4.725613113,5/3/2012,1.0797,0.9262,0.8322,1.2016,0.6761,1.4791,1.0941,0.914,TRUE
5.078126667,5.031196667,5.438378704,5/4/2012,1.085,0.9217,0.8326,1.2011,0.6749,1.4817,1.0898,0.9176,TRUE
5.030303333,5.00313,4.873165763,5/7/2012,1.0794,0.9264,0.8324,1.2013,0.6711,1.4902,1.0865,0.9204,FALSE
5.026673333,5.01,5.418358682,5/8/2012,1.0833,0.9231,0.8326,1.2011,0.6706,1.4911,1.0836,0.9228,FALSE
4.996656667,5.039126667,3.675817159,5/9/2012,1.08,0.9259,0.8326,1.2011,0.6686,1.4956,1.0784,0.9273,FALSE
4.994566667,4.991293333,3.076632603,5/10/2012,1.0806,0.9254,0.8324,1.2013,0.6676,1.498,1.0788,0.927,FALSE
4.866666667,4.9999,2.721801289,5/11/2012,1.0736,0.9314,0.8325,1.2012,0.6698,1.4929,1.077,0.9285,FALSE
4.90332,4.93292,5.115844684,5/14/2012,1.0717,0.9331,0.8327,1.2009,0.6638,1.5066,1.0697,0.9349,TRUE
4.945333333,4.906963333,2.917068802,5/15/2012,1.0667,0.9375,0.833,1.2005,0.6638,1.5065,1.0636,0.9402,TRUE
4.958336667,4.947896667,2.98869558,5/16/2012,1.0706,0.9341,0.8325,1.2012,0.6652,1.5034,1.0598,0.9436,TRUE
5.036233333,4.979413333,3.678176564,5/17/2012,1.0753,0.93,0.8325,1.2012,0.6687,1.4955,1.0579,0.9452,TRUE
5.039266667,5.03093,2.815249656,5/18/2012,1.0813,0.9248,0.8326,1.2011,0.6708,1.4908,1.0591,0.9442,FALSE
5.036673333,5.052056667,3.117978317,5/21/2012,1.096335838,0.913507514,0.82072948,1.218603854,0.681853757,1.467274566,1.078,0.928243353,TRUE
5.053256667,5.040333333,2.141520416,5/22/2012,1.0805,0.9255,0.8326,1.2011,0.6721,1.4878,1.0602,0.9432,FALSE
5.036256667,5.03722,2.881976213,5/23/2012,1.0754,0.9299,0.8327,1.2009,0.6671,1.4991,1.0466,0.9555,TRUE
5.071566667,5.03619,4.43739371,5/24/2012,1.075,0.9302,0.8315,1.2027,0.6665,1.5003,1.0462,0.9558,TRUE
5.091013333,5.073196667,3.604621185,5/25/2012,1.0722,0.9327,0.8328,1.2008,0.6662,1.501,1.0425,0.9592,TRUE
5.07032,5.050036667,4.629390553,5/28/2012,1.0687,0.9357,0.8321,1.2018,0.6654,1.5029,1.0436,0.9583,TRUE
5.0736,5.07,3.401594334,5/29/2012,1.0659,0.9382,0.8326,1.2011,0.6652,1.5032,1.0396,0.9619,TRUE
5.091656667,5.090663333,3.029203486,5/30/2012,1.0625,0.9412,0.8325,1.2012,0.6651,1.5034,1.033,0.9681,TRUE
5.102666667,5.078323333,3.464907706,5/31/2012,1.0653,0.9387,0.8327,1.201,0.6682,1.4965,1.0294,0.9715,TRUE
5.133036667,5.099666667,1.219814068,6/1/2012,1.0733,0.9317,0.8325,1.2012,0.6722,1.4877,1.034,0.9671,FALSE
5.165033333,5.188996667,3.601687496,6/4/2012,1.0841,0.9224,0.8329,1.2006,0.6765,1.4781,1.0406,0.961,TRUE
5.202663333,5.166663333,2.843719592,6/5/2012,1.0784,0.9273,0.8326,1.201,0.6744,1.4828,1.0355,0.9657,TRUE
5.367003333,5.211293333,4.347093892,6/6/2012,1.0748,0.9304,0.8328,1.2008,0.6745,1.4825,1.0438,0.958,TRUE
5.402003333,5.36667,2.84468405,6/7/2012,1.0718,0.933,0.8325,1.2012,0.6726,1.4868,1.0463,0.9558,TRUE
5.530333333,5.400663333,3.021720996,6/8/2012,1.0739,0.9312,0.8327,1.2009,0.6736,1.4846,1.0394,0.9621,FALSE
5.395763333,5.517323333,4.383241227,6/11/2012,1.0706,0.9341,0.8326,1.201,0.6711,1.4901,1.0411,0.9605,TRUE
5.563903333,5.415763333,3.424648696,6/12/2012,1.0668,0.9374,0.8328,1.2008,0.6677,1.4977,1.039,0.9625,TRUE
5.642343333,5.555,3.075300146,6/13/2012,1.0773,0.9282,0.8328,1.2008,0.6743,1.483,1.049,0.9533,TRUE
5.838666667,5.674333333,4.0642492,6/14/2012,1.0759,0.9295,0.8328,1.2008,0.676,1.4793,1.05,0.9524,TRUE
5.901366667,5.875266667,3.937793211,6/15/2012,1.0775,0.9281,0.8326,1.201,0.6719,1.4883,1.0518,0.9507,FALSE
6.151273333,6.4129,4.033365615,6/18/2012,1.0754,0.9299,0.8328,1.2008,0.6688,1.4953,1.0475,0.9546,TRUE
6.201326667,6.143333333,4.213179052,6/19/2012,1.0757,0.9296,0.8328,1.2008,0.6719,1.4884,1.0569,0.9462,TRUE
6.40892,6.22166,2.671397774,6/20/2012,1.0782,0.9275,0.8327,1.2009,0.6716,1.489,1.0577,0.9455,TRUE
6.636333333,6.399586667,3.228767588,6/21/2012,1.0742,0.9309,0.8326,1.201,0.6704,1.4917,1.0479,0.9543,FALSE
6.623366667,6.61167,2.872688922,6/22/2012,1.0718,0.933,0.8327,1.2009,0.6705,1.4914,1.0446,0.9573,FALSE
6.316673333,6.3345,4.129633783,6/25/2012,1.0708,0.9339,0.8329,1.2007,0.6682,1.4965,1.0393,0.9622,FALSE
6.252966667,6.299673333,2.479114164,6/26/2012,1.0659,0.9382,0.8327,1.201,0.6649,1.5041,1.0384,0.963,TRUE
6.359833333,6.263563333,3.360258279,6/27/2012,1.0636,0.9402,0.8325,1.2012,0.6669,1.4994,1.037,0.9644,TRUE
6.562666667,6.372956667,2.916589369,6/28/2012,1.0693,0.9352,0.8324,1.2013,0.6676,1.4979,1.0348,0.9663,FALSE
6.521626667,6.562633333,4.735060349,6/29/2012,1.0745,0.9307,0.8323,1.2015,0.6722,1.4876,1.0544,0.9484,FALSE
6.582993333,6.630326667,5.566777334,7/2/2012,1.096335838,0.913507514,0.82072948,1.218603854,0.681853757,1.467274566,1.078,0.928243353,TRUE
6.66333,6.583366667,2.596006855,7/3/2012,1.0635,0.9403,0.8325,1.2012,0.6691,1.4946,1.0506,0.9519,FALSE
6.429643333,6.66666,3.46275943,7/4/2012,1.0559,0.9471,0.8323,1.2014,0.6685,1.4959,1.0426,0.9592,TRUE
6.4497,6.429646667,3.764384783,7/5/2012,1.0448,0.9571,0.8328,1.2008,0.6641,1.5058,1.0313,0.9697,TRUE
6.601666667,6.473333333,3.894174038,7/6/2012,1.0431,0.9587,0.8327,1.2009,0.6607,1.5135,1.0227,0.9778,FALSE
6.723993333,6.76069,4.434960272,7/9/2012,1.0458,0.9562,0.8327,1.2009,0.6604,1.5142,1.0241,0.9765,TRUE
6.853833333,6.735833333,3.125473337,7/10/2012,1.0413,0.9603,0.8328,1.2008,0.6583,1.5192,1.0206,0.9798,TRUE
7.0933,6.857166667,3.31315137,7/11/2012,1.0395,0.962,0.8327,1.2009,0.6565,1.5232,1.0196,0.9808,TRUE
7.103,7.093233333,3.129304704,7/12/2012,1.0377,0.9637,0.8331,1.2003,0.6586,1.5183,1.016,0.9843,TRUE
7.61779,7.090333333,2.540497627,7/13/2012,1.0339,0.9672,0.8326,1.201,0.655,1.5266,1.0185,0.9818,TRUE
7.53367,7.52737,3.702634263,7/16/2012,1.0373,0.964,0.8326,1.2011,0.6533,1.5308,1.0213,0.9792,TRUE
8.2932,7.544256667,2.155314273,7/17/2012,1.0329,0.9681,0.8326,1.2011,0.6524,1.5328,1.0185,0.9818,TRUE
8.600003333,8.293333333,2.580607607,7/18/2012,1.0323,0.9687,0.8326,1.201,0.653,1.5314,1.0209,0.9796,TRUE
9.003256667,8.633006667,3.886695522,7/19/2012,1.0286,0.9722,0.8328,1.2008,0.6494,1.5399,1.0207,0.9797,FALSE
8.88933,9.023256667,2.805403057,7/20/2012,1.0254,0.9752,0.8326,1.201,0.6487,1.5415,1.0138,0.9863,FALSE
8.309866667,8.69947,3.768019696,7/23/2012,1.0271,0.9736,0.8327,1.2009,0.651,1.5362,1.0097,0.9904,TRUE
8.507883333,8.432033333,3.560016684,7/24/2012,1.0253,0.9753,0.8328,1.2008,0.6472,1.5452,1.0044,0.9956,TRUE
8.548333333,8.479866667,3.965457147,7/25/2012,1.0284,0.9724,0.8326,1.201,0.6526,1.5323,1.0101,0.99,TRUE
8.650333333,8.529666667,3.71082307,7/26/2012,1.0328,0.9682,0.8326,1.201,0.6521,1.5336,1.0225,0.978,TRUE
8.783,8.650333333,5.066314437,7/27/2012,1.0362,0.9651,0.8328,1.2007,0.655,1.5267,1.03,0.9709,FALSE
8.668423333,8.76403,5.956712528,7/30/2012,1.0229,0.9776,0.8323,1.2015,0.6497,1.5393,1.0195,0.9808,TRUE
8.983333333,8.663756667,2.195071109,7/31/2012,1.0267,0.974,0.8326,1.201,0.6537,1.5299,1.0253,0.9754,TRUE
10.39,9.464796667,3.254401053,8/3/2012,1.0297,0.9712,0.8323,1.2015,0.659,1.5175,1.0311,0.9698,FALSE
10.63966,10.83199333,3.954563873,8/6/2012,1.096335838,0.913507514,0.82072948,1.218603854,0.681853757,1.467274566,1.078,0.928243353,TRUE
10.79339,10.63962333,3.901103242,8/7/2012,1.0302,0.9707,0.8324,1.2014,0.6604,1.5143,1.0339,0.9672,TRUE
10.86266667,10.78566667,4.290213002,8/8/2012,1.0239,0.9767,0.8326,1.2011,0.6574,1.521,1.0294,0.9715,TRUE
10.95376667,10.86267,3.317616197,8/9/2012,1.0146,0.9856,0.8327,1.201,0.6545,1.5279,1.0224,0.9781,TRUE
11.02036667,10.97156667,3.832786358,8/10/2012,1.0155,0.9847,0.8327,1.2009,0.6532,1.5309,1.0241,0.9765,TRUE
11.50799667,11.39706667,4.305878128,8/13/2012,1.0206,0.9798,0.8327,1.201,0.655,1.5267,1.0275,0.9733,TRUE
11.89249667,11.50596667,3.375568937,8/14/2012,1.0176,0.9827,0.8325,1.2012,0.6542,1.5287,1.0264,0.9743,TRUE
12.15966667,11.87916333,4.849290737,8/15/2012,1.012,0.9881,0.8327,1.2009,0.6523,1.533,1.0232,0.9774,TRUE
13.12,12.11966667,3.811647433,8/16/2012,1.0166,0.9837,0.8327,1.201,0.6538,1.5296,1.0288,0.972,TRUE
13.406,13.19633,3.308675762,8/17/2012,1.0136,0.9866,0.8327,1.2009,0.6533,1.5306,1.0254,0.9752,FALSE
7.97,11.58011667,1.401309296,8/20/2012,1.0165,0.9838,0.8328,1.2008,0.6544,1.5281,1.0278,0.9729,TRUE
9.95,7.979996667,2.969757082,8/21/2012,1.0244,0.9762,0.8328,1.2008,0.6578,1.5201,1.0385,0.9629,TRUE
9.986673333,9.85,2.050714563,8/22/2012,1.0312,0.9697,0.8328,1.2008,0.6574,1.5212,1.0386,0.9629,FALSE
9.86293,9.918343333,3.19502156,8/23/2012,1.0403,0.9613,0.8328,1.2007,0.6597,1.5158,1.0478,0.9543,TRUE
9.976656667,9.834,3.607475815,8/24/2012,1.0353,0.9659,0.8327,1.2009,0.66,1.5152,1.0436,0.9582,FALSE
10.492,10.56366667,2.703966513,8/27/2012,1.0307,0.9702,0.8326,1.201,0.6595,1.5163,1.042,0.9597,TRUE
10.87666667,10.48533333,3.302351122,8/28/2012,1.0319,0.9691,0.8326,1.201,0.661,1.5129,1.0461,0.9559,TRUE
10.914,10.95333333,3.410192925,8/29/2012,1.0309,0.97,0.8326,1.201,0.6591,1.5172,1.0439,0.9579,FALSE
10.79896667,10.91,3.469277803,8/30/2012,1.0329,0.9681,0.8326,1.201,0.6589,1.5177,1.0406,0.961,FALSE
10.75066333,10.75535,1.889084323,8/31/2012,1.0331,0.968,0.8328,1.2008,0.6603,1.5144,1.0475,0.9547,TRUE
10.19203333,10.023,5.229384767,9/3/2012,1.096335838,0.913507514,0.82072948,1.218603854,0.681853757,1.467274566,1.078,0.928243353,TRUE
10.50266667,10.168,2.708349141,9/4/2012,1.032,0.969,0.8327,1.201,0.6586,1.5184,1.0463,0.9557,FALSE
10.34523667,10.40366667,4.234464353,9/5/2012,1.0371,0.9642,0.8311,1.2033,0.6584,1.5188,1.0474,0.9548,TRUE
10.93657,10.31290333,3.211306283,9/6/2012,1.0301,0.9708,0.8303,1.2044,0.6584,1.5188,1.0484,0.9538,TRUE
11.093,10.89333333,4.477545022,9/7/2012,1.0344,0.9667,0.8268,1.2095,0.6606,1.5138,1.0579,0.9453,TRUE
11.02533333,11.00966667,1.723478517,9/10/2012,1.0343,0.9668,0.8281,1.2076,0.6619,1.5109,1.0595,0.9438,FALSE
11.025,10.95633333,2.630430219,9/11/2012,1.0358,0.9654,0.8284,1.2072,0.6629,1.5086,1.0652,0.9388,TRUE
11.12693667,11.0187,2.715899712,9/12/2012,1.0406,0.961,0.8272,1.2089,0.662,1.5106,1.0665,0.9376,TRUE
11.26029667,11.12727,2.792724482,9/13/2012,1.0381,0.9633,0.8244,1.213,0.6601,1.5149,1.0644,0.9395,TRUE
11.29966667,11.22484667,3.853091271,9/14/2012,1.0496,0.9527,0.8226,1.2157,0.6654,1.5028,1.0809,0.9251,TRUE
11.757,11.62666667,3.90294748,9/17/2012,1.0493,0.953,0.8223,1.216,0.6636,1.5069,1.0792,0.9266,TRUE
11.79666667,11.77333333,3.053954347,9/18/2012,1.0489,0.9534,0.8249,1.2122,0.6626,1.5092,1.0767,0.9288,TRUE
12.038,11.8015,3.147271305,9/19/2012,1.0519,0.9507,0.8258,1.211,0.6655,1.5026,1.0794,0.9264,TRUE
12.41483333,12.0765,2.900123555,9/20/2012,1.0468,0.9553,0.8272,1.2089,0.6613,1.5122,1.071,0.9337,FALSE
12.31203333,12.47666667,1.555339802,9/21/2012,1.0458,0.9562,0.8253,1.2116,0.6598,1.5157,1.0722,0.9327,FALSE
12.03443667,12.10893667,3.165242982,9/24/2012,1.0453,0.9567,0.8263,1.2103,0.6584,1.5188,1.0665,0.9376,FALSE
11.92833333,12.03966667,3.054084278,9/25/2012,1.045,0.9569,0.8263,1.2102,0.659,1.5175,1.0696,0.9349,TRUE
11.93233333,11.93366667,3.158034162,9/26/2012,1.0469,0.9552,0.8276,1.2083,0.6591,1.5172,1.0637,0.9401,TRUE
12.167,11.944,3.043086185,9/27/2012,1.0453,0.9567,0.8273,1.2087,0.6568,1.5224,1.0651,0.9389,TRUE
12.23563,12.20033333,3.587587381,9/28/2012,1.0465,0.9556,0.8275,1.2084,0.6595,1.5164,1.0638,0.94,FALSE
12.26,12.24466667,3.940889849,10/1/2012,1.048,0.9542,0.8268,1.2095,0.6607,1.5135,1.0664,0.9377,FALSE
12.16433333,12.22,2.509044933,10/2/2012,1.052,0.9506,0.8265,1.21,0.6613,1.5121,1.0703,0.9343,TRUE
12.59333333,12.1943,2.710285468,10/3/2012,1.052,0.9506,0.8257,1.2111,0.663,1.5083,1.0659,0.9382,TRUE
12.78,12.57866667,2.686899975,10/4/2012,1.0541,0.9487,0.8255,1.2114,0.664,1.5061,1.0732,0.9318,FALSE
12.67333333,12.77750333,2.767330427,10/5/2012,1.0515,0.951,0.8248,1.2125,0.665,1.5037,1.077,0.9285,FALSE
11.77046667,12.42766667,3.776554639,10/8/2012,1.096335838,0.913507514,0.82072948,1.218603854,0.681853757,1.467274566,1.078,0.928243353,FALSE
11.69903,11.85667,3.550531906,10/9/2012,1.0412,0.9604,0.8263,1.2102,0.6654,1.5028,1.0638,0.9401,TRUE
11.95133333,11.67636667,3.686699408,10/10/2012,1.0418,0.9599,0.826,1.2107,0.665,1.5036,1.0645,0.9394,TRUE
12.08866667,11.914,3.268665542,10/11/2012,1.0461,0.9559,0.8268,1.2094,0.667,1.4992,1.0694,0.9351,FALSE
11.99366667,12.045,3.544443499,10/12/2012,1.0498,0.9526,0.8276,1.2083,0.6665,1.5004,1.0713,0.9334,FALSE
11.70163333,11.78100333,4.488658274,10/15/2012,1.0484,0.9538,0.8275,1.2084,0.6669,1.4995,1.0715,0.9332,FALSE
11.68335667,11.63873667,3.349682464,10/16/2012,1.0625,0.9412,0.8272,1.2089,0.6697,1.4932,1.0782,0.9274,TRUE
11.83996667,11.71935667,3.205671393,10/17/2012,1.0628,0.9409,0.8261,1.2105,0.6712,1.4899,1.0849,0.9217,FALSE
11.76473333,11.78753667,3.451275242,10/18/2012,1.0633,0.9405,0.8271,1.2091,0.6717,1.4888,1.0841,0.9224,TRUE
11.78192333,11.78033333,3.783041539,10/19/2012,1.0696,0.9349,0.827,1.2091,0.673,1.4859,1.0769,0.9286,FALSE
11.47269,11.60663667,3.960454397,10/22/2012,1.0727,0.9322,0.8264,1.2101,0.6735,1.4849,1.0794,0.9264,FALSE
11.46337333,11.52036,2.514694526,10/23/2012,1.0649,0.9391,0.8265,1.21,0.6729,1.4861,1.072,0.9329,TRUE
11.57467,11.46638,2.444164545,10/24/2012,1.0645,0.9394,0.8267,1.2096,0.6683,1.4963,1.0703,0.9343,FALSE
11.48333,11.49600333,2.152618646,10/25/2012,1.0649,0.9391,0.8267,1.2097,0.6645,1.5049,1.0711,0.9336,FALSE
10.54819333,11.48533,3.395132018,10/26/2012,1.0686,0.9358,0.8268,1.2094,0.6645,1.5049,1.0697,0.9349,TRUE
10.52866,10.20243333,5.096205509,10/29/2012,1.0681,0.9362,0.8273,1.2087,0.6663,1.5009,1.0677,0.9366,TRUE
10.61366333,10.57166,2.455511328,10/30/2012,1.0735,0.9315,0.8276,1.2083,0.6679,1.4973,1.0741,0.931,TRUE
10.72584333,10.59666667,2.67828699,10/31/2012,1.0735,0.9315,0.8288,1.2066,0.6666,1.5001,1.0739,0.9312,TRUE
11.07766667,10.757,2.46882776,11/1/2012,1.0693,0.9352,0.8287,1.2067,0.6643,1.5054,1.0722,0.9327,FALSE
10.706,11.03421,3.091666009,11/2/2012,1.0605,0.943,0.8285,1.207,0.6636,1.5069,1.0643,0.9396,TRUE
10.59703667,10.55583333,4.238106633,11/5/2012,1.0562,0.9468,0.8287,1.2067,0.6634,1.5073,1.0599,0.9435,TRUE
10.675,10.60303667,3.39122753,11/6/2012,1.0544,0.9484,0.8279,1.2079,0.6639,1.5063,1.0612,0.9423,TRUE
10.76399667,10.675,3.768579445,11/7/2012,1.0547,0.9481,0.829,1.2063,0.6621,1.5103,1.0577,0.9455,TRUE
10.82500333,10.74532667,3.671332368,11/8/2012,1.0546,0.9482,0.829,1.2063,0.661,1.5129,1.0561,0.9469,FALSE
10.762,10.77303667,3.851741193,11/9/2012,1.0551,0.9478,0.8294,1.2058,0.6627,1.5091,1.0545,0.9483,FALSE
10.7359,10.78999667,5.007498843,11/12/2012,1.096335838,0.913507514,0.82072948,1.218603854,0.681853757,1.467274566,1.078,0.928243353,TRUE
10.87600333,10.71367,5.272061159,11/13/2012,1.0578,0.9454,0.8306,1.204,0.6649,1.504,1.0561,0.9469,FALSE
10.8294,10.88600333,5.214632476,11/14/2012,1.06,0.9434,0.8306,1.204,0.6677,1.4977,1.0581,0.9451,TRUE
10.88666667,10.85666667,3.455673203,11/15/2012,1.0643,0.9396,0.8306,1.204,0.6692,1.4943,1.0616,0.9419,TRUE
11.03257,10.88649333,2.006585654,11/16/2012,1.0586,0.9446,0.8303,1.2044,0.6654,1.5028,1.0556,0.9473,FALSE
11.57653667,11.62893,2.362870584,11/19/2012,1.0596,0.9438,0.8304,1.2042,0.6685,1.4959,1.0634,0.9404,TRUE
11.67996667,11.57822667,4.228482809,11/20/2012,1.0604,0.943,0.8301,1.2047,0.6678,1.4974,1.0636,0.9402,FALSE
11.66193667,11.62792,4.277321946,11/21/2012,1.0622,0.9414,0.8304,1.2042,0.6679,1.4972,1.0643,0.9396,TRUE
11.68333,11.64833333,3.877758527,11/22/2012,1.0659,0.9382,0.8302,1.2045,0.6709,1.4906,1.0687,0.9357,TRUE
12.11063667,11.67992667,4.779958875,11/23/2012,1.0679,0.9364,0.8301,1.2046,0.6711,1.4901,1.0758,0.9296,TRUE
12.34836667,12.28417667,8.917889699,11/26/2012,1.0717,0.9331,0.8308,1.2037,0.6727,1.4866,1.0772,0.9283,FALSE
12.11415333,12.39570333,0,11/27/2012,1.0667,0.9375,0.8297,1.2053,0.6699,1.4928,1.0736,0.9315,FALSE
12.09,12.11182,3.667360306,11/28/2012,1.0661,0.938,0.8309,1.2035,0.6713,1.4897,1.0737,0.9313,TRUE
12.21256333,12.05666667,2.073592381,11/29/2012,1.0684,0.936,0.8306,1.2039,0.6714,1.4894,1.0759,0.9294,TRUE
12.32333333,12.19822667,1.938633271,11/30/2012,1.0719,0.9329,0.8296,1.2054,0.6734,1.4849,1.0792,0.9266,FALSE
12.38734667,12.43738667,1.918186245,12/3/2012,1.0735,0.9315,0.8276,1.2084,0.6715,1.4892,1.0813,0.9248,TRUE
12.53966333,12.40134,1.283398071,12/4/2012,1.0706,0.9341,0.8244,1.213,0.67,1.4924,1.0785,0.9272,TRUE
13.05033333,12.48001333,1.288042634,12/5/2012,1.07,0.9346,0.8255,1.2114,0.6705,1.4915,1.0795,0.9264,TRUE
13.22766667,13.137,1.646836742,12/6/2012,1.0622,0.9414,0.8266,1.2098,0.6672,1.4988,1.0718,0.933,TRUE
13.31766333,13.19867,1.447850469,12/7/2012,1.0597,0.9437,0.828,1.2078,0.6684,1.4961,1.0715,0.9333,FALSE
13.256,13.29068333,1.864117868,12/10/2012,1.058,0.9452,0.8289,1.2064,0.667,1.4992,1.0717,0.9331,TRUE
13.32778333,13.25933333,1.265803472,12/11/2012,1.0572,0.9459,0.8247,1.2125,0.6654,1.5028,1.0715,0.9333,TRUE
13.5463,13.45733333,1.015494345,12/13/2012,1.0653,0.9387,0.8273,1.2088,0.6707,1.4909,1.0819,0.9243,FALSE
13.53903333,13.53,1.100211277,12/14/2012,1.0721,0.9327,0.8279,1.2079,0.6738,1.4842,1.0873,0.9197,FALSE
13.35634,13.40670667,1.57817947,12/17/2012,1.0726,0.9323,0.8277,1.2082,0.6727,1.4866,1.0899,0.9175,FALSE
13.23468333,13.302,1.287533399,12/18/2012,1.0791,0.9267,0.8282,1.2075,0.6737,1.4843,1.0951,0.9132,FALSE
13.14299667,13.20635,1.528089561,12/19/2012,1.0814,0.9247,0.8272,1.2089,0.6738,1.4842,1.0959,0.9125,TRUE
13.35633333,13.17599667,1.650754355,12/20/2012,1.0825,0.9238,0.8282,1.2075,0.6733,1.4852,1.0953,0.913,TRUE
13.36333667,13.28766667,1.44957708,12/21/2012,1.0838,0.9227,0.828,1.2078,0.6743,1.483,1.0901,0.9173,FALSE
13.17367333,13.28940333,1.74320909,12/24/2012,1.082,0.9242,0.8282,1.2074,0.6774,1.4762,1.0915,0.9162,TRUE
13.24667,13.18393333,2.783584026,12/25/2012,1.096335838,0.913507514,0.82072948,1.218603854,0.681853757,1.467274566,1.078,0.928243353,FALSE
13.23333667,13.25993333,2.970015136,12/26/2012,1.096335838,0.913507514,0.82072948,1.218603854,0.681853757,1.467274566,1.078,0.928243353,TRUE
13.25062,13.19667,2.603125575,12/27/2012,1.0886,0.9186,0.8272,1.2089,0.6794,1.4719,1.0942,0.9139,FALSE
13.23724667,13.24910667,2.546388989,12/28/2012,1.0902,0.9173,0.8286,1.2068,0.678,1.4749,1.0955,0.9129,TRUE
13.27900333,13.23399,2.320036164,12/31/2012,1.0867,0.9202,0.8284,1.2071,0.6717,1.4887,1.0923,0.9155,TRUE
13.34467,13.27970667,3.488376914,1/1/2013,1.096335838,0.913507514,0.82072948,1.218603854,0.681853757,1.467274566,1.078,0.928243353,FALSE
13.24171,13.34400333,1.644713924,1/2/2013,1.0755,0.9298,0.8267,1.2096,0.6711,1.49,1.0909,0.9167,FALSE
13.19533,13.22591333,2.554644521,1/3/2013,1.0685,0.9359,0.8272,1.2089,0.6715,1.4893,1.0844,0.9221,TRUE
13.26528667,13.19635333,1.657968045,1/4/2013,1.064,0.9398,0.8274,1.2086,0.6732,1.4854,1.0795,0.9263,TRUE
13.26663333,13.22428,2.519538529,1/7/2013,1.0687,0.9357,0.8274,1.2086,0.6741,1.4835,1.0839,0.9226,TRUE
13.35118333,13.23531333,1.528511191,1/8/2013,1.0673,0.9369,0.8273,1.2088,0.674,1.4837,1.081,0.925,TRUE
13.58725,13.34892,1.302468996,1/9/2013,1.0672,0.937,0.8272,1.209,0.6748,1.4819,1.0815,0.9247,TRUE
13.65800333,13.62934667,1.664974389,1/10/2013,1.0762,0.9292,0.8257,1.2111,0.6769,1.4772,1.0915,0.9162,TRUE
14.02633,13.66767,1.445406027,1/11/2013,1.079,0.9268,0.8212,1.2178,0.6798,1.471,1.0964,0.912,FALSE
13.89233667,14.03299667,2.168293954,1/14/2013,1.0724,0.9325,0.8153,1.2266,0.6779,1.4751,1.0898,0.9176,TRUE
14.16333333,13.921,1.352937423,1/15/2013,1.0606,0.9429,0.808,1.2376,0.67,1.4925,1.078,0.9277,FALSE
14.12901,14.15,1.306587481,1/16/2013,1.0576,0.9455,0.807,1.2391,0.6707,1.4909,1.0737,0.9314,TRUE
14.55233333,14.15,1.148086386,1/17/2013,1.0558,0.9471,0.8023,1.2464,0.6701,1.4922,1.0716,0.9332,TRUE
15.39367,14.55,1.243969771,1/18/2013,1.0629,0.9408,0.8041,1.2437,0.6738,1.4841,1.0696,0.9349,TRUE
15.52666667,15.46133333,1.922774821,1/21/2013,1.0654,0.9386,0.8056,1.2413,0.6779,1.4752,1.0726,0.9323,TRUE
16.50666667,15.587,1.227480626,1/22/2013,1.0706,0.9341,0.8101,1.2344,0.6795,1.4717,1.0777,0.9279,TRUE
17.24780667,16.51,1.131178372,1/23/2013,1.0744,0.9308,0.8085,1.2368,0.6789,1.4729,1.0759,0.9294,TRUE
17.36568,17.23647333,1.150806102,1/24/2013,1.0793,0.9265,0.8047,1.2427,0.6818,1.4666,1.0765,0.9289,FALSE
16.95965333,17.40399667,1.308765254,1/25/2013,1.0892,0.9181,0.8032,1.245,0.6841,1.4618,1.0808,0.9253,TRUE
17.62333333,17.516,1.821515917,1/28/2013,1.0859,0.9209,0.8013,1.2479,0.6876,1.4544,1.0785,0.9272,TRUE
18.51533667,17.56307,1.015914246,1/29/2013,1.088,0.9191,0.8046,1.2429,0.6888,1.4517,1.0849,0.9218,TRUE
19.24583,18.543,1.239906549,1/30/2013,1.0996,0.9094,0.808,1.2376,0.694,1.4409,1.096,0.9124,TRUE
19.44448,19.28299667,1.301750164,1/31/2013,1.0988,0.9101,0.8095,1.2353,0.6936,1.4418,1.0997,0.9094,TRUE
20.31967,19.49533667,1.05513058,2/1/2013,1.1058,0.9043,0.8087,1.2365,0.7033,1.4219,1.1072,0.9031,TRUE
20.42666667,19.69966667,2.381397831,2/4/2013,1.0978,0.9109,0.8135,1.2293,0.6992,1.4301,1.1003,0.9088,FALSE
20.27868333,20.42699667,1.644629999,2/5/2013,1.0978,0.9109,0.8113,1.2326,0.7034,1.4217,1.1009,0.9084,TRUE
20.40733667,20.27635333,1.377461381,2/6/2013,1.0944,0.9137,0.8123,1.2311,0.7019,1.4246,1.0988,0.9101,TRUE
20.953,20.47333,1.389831362,2/7/2013,1.089,0.9183,0.8144,1.2279,0.6936,1.4417,1.0898,0.9176,TRUE
21.85033333,20.92207,1.679638033,2/8/2013,1.0911,0.9165,0.8147,1.2274,0.6887,1.4521,1.0889,0.9183,TRUE
23.63058333,23.52,2.42865737,2/11/2013,1.0955,0.9128,0.8115,1.2323,0.6947,1.4394,1.0884,0.9188,TRUE
24.27733333,23.67525,1.425150207,2/12/2013,1.0933,0.9147,0.8105,1.2339,0.6965,1.4358,1.0901,0.9173,TRUE
24.94258333,24.11717,1.018554324,2/13/2013,1.0911,0.9165,0.8098,1.2349,0.7006,1.4274,1.0889,0.9183,FALSE
24.77833333,24.90266667,1.59258115,2/14/2013,1.0841,0.9224,0.8124,1.2309,0.6988,1.431,1.0832,0.9232,TRUE
131.90148,127.4667033,4.388225068,4/29/2013,1.0817,0.9245,0.8151,1.2268,0.6886,1.4523,1.067,0.9372,TRUE
140.8366367,131.73,0.885543882,4/30/2013,1.0831,0.9233,0.8165,1.2247,0.692,1.4451,1.0754,0.9299,FALSE
137.6453,140.74,1.346943084,5/1/2013,1.0878,0.9193,0.8177,1.2229,0.6925,1.444,1.0787,0.927,FALSE
115.9896633,137.3700133,1.209989387,5/2/2013,1.0786,0.9271,0.8187,1.2214,0.6893,1.4507,1.0697,0.9348,FALSE
106.6193333,116.14333,1.002168602,5/3/2013,1.0791,0.9267,0.8166,1.2246,0.688,1.4534,1.0706,0.934,TRUE
115.9956667,112.4266667,1.853881602,5/6/2013,1.0725,0.9324,0.8147,1.2274,0.6851,1.4596,1.0645,0.9394,FALSE
111.9863333,115.9490667,0.97764155,5/7/2013,1.0689,0.9355,0.8127,1.2305,0.6875,1.4545,1.0634,0.9404,FALSE
109.8541733,111.905,1.269923879,5/8/2013,1.072,0.9328,0.8117,1.232,0.6873,1.455,1.0695,0.935,TRUE
111.8696667,110.18591,2.533352133,5/9/2013,1.0659,0.9382,0.8112,1.2328,0.6858,1.4582,1.063,0.9407,FALSE
110.943,111.8066633,2.14556762,5/10/2013,1.0551,0.9478,0.8045,1.243,0.6797,1.4712,1.0422,0.9595,FALSE
113.5330067,114.4753333,3.705993903,5/13/2013,1.0555,0.9474,0.8045,1.243,0.683,1.4642,1.0442,0.9577,FALSE
108.64,115.6932267,1.301152002,5/15/2013,1.0512,0.9513,0.8037,1.2443,0.6797,1.4713,1.0333,0.9678,TRUE
109.39,108.59966,1.719473339,5/16/2013,1.0566,0.9464,0.8061,1.2406,0.6795,1.4717,1.0397,0.9619,TRUE
113.52,109.3933333,2.312009672,5/17/2013,1.0551,0.9478,0.8016,1.2475,0.6772,1.4766,1.0275,0.9733,FALSE
117.0133333,118.4633333,3.336418671,5/20/2013,1.096335838,0.913507514,0.82072948,1.218603854,0.681853757,1.467274566,1.078,0.928243353,TRUE
117.5016667,117.49,2.305289734,5/21/2013,1.062,0.9416,0.8004,1.2493,0.6811,1.4682,1.0334,0.9677,TRUE
119.08667,117.83333,3.04227861,5/22/2013,1.0529,0.9498,0.7921,1.2625,0.6776,1.4757,1.019,0.9814,TRUE
119.8703333,118.93667,2.964183369,5/23/2013,1.0655,0.9385,0.7987,1.252,0.6835,1.4631,1.0335,0.9676,TRUE
123.6103333,119.6503367,2.930594446,5/24/2013,1.0728,0.9321,0.8044,1.2432,0.6871,1.4554,1.0392,0.9622,TRUE
131.1933333,129.6353333,4.786764739,5/27/2013,1.0711,0.9336,0.8016,1.2475,0.687,1.4557,1.037,0.9643,FALSE
128.0132233,131.11,2.407513969,5/28/2013,1.0654,0.9386,0.7982,1.2528,0.6821,1.466,1.0273,0.9734,FALSE
126.7066533,127.4066467,2.812320819,5/29/2013,1.0786,0.9271,0.8036,1.2444,0.6879,1.4536,1.0401,0.9614,TRUE
130.0866667,126.72967,2.797778542,5/30/2013,1.0785,0.9272,0.8022,1.2466,0.688,1.4534,1.0462,0.9559,FALSE
127.36967,130.083,2.76667384,5/31/2013,1.0787,0.927,0.8034,1.2447,0.6872,1.4553,1.0433,0.9585,FALSE
122.1,128.5127,4.218281354,6/3/2013,1.0899,0.9175,0.8087,1.2366,0.69,1.4492,1.0591,0.9442,FALSE
121.2090533,122.28187,1.75014756,6/4/2013,1.0908,0.9168,0.8063,1.2403,0.6888,1.4518,1.0541,0.9487,FALSE
120.2133233,121.3157267,3.740605521,6/5/2013,1.0979,0.9108,0.8109,1.2333,0.6895,1.4502,1.0613,0.9423,FALSE
118.6766333,121.0866667,2.119738075,6/7/2013,1.0927,0.9152,0.8082,1.2373,0.6878,1.4538,1.0702,0.9344,FALSE
99.53581,108.3020367,1.827991235,6/10/2013,1.0886,0.9186,0.8075,1.2384,0.687,1.4556,1.0686,0.9358,TRUE
105.2300033,99.72333333,2.886181654,6/11/2013,1.0989,0.91,0.8122,1.2312,0.6919,1.4454,1.0784,0.9273,TRUE
108.12,105.1400067,2.752573538,6/12/2013,1.1111,0.9,0.8155,1.2262,0.6939,1.4412,1.0891,0.9182,FALSE
107.7419733,108.2566667,3.601541808,6/13/2013,1.1011,0.9082,0.8132,1.2297,0.6897,1.4498,1.0827,0.9236,FALSE
103.983,107.7972267,2.142043511,6/14/2013,1.1033,0.9064,0.8133,1.2295,0.6912,1.4468,1.0841,0.9224,FALSE
99.82333333,99.90666667,3.221792603,6/17/2013,1.0994,0.9096,0.8099,1.2348,0.6878,1.4539,1.0804,0.9256,TRUE
101.1033333,99.657,2.718218267,6/18/2013,1.1111,0.9,0.8118,1.2318,0.6966,1.4355,1.0884,0.9188,TRUE
105.5833267,101.58,0,6/19/2013,1.1082,0.9024,0.8116,1.2321,0.6949,1.4391,1.0879,0.9192,TRUE
106.2386667,105.38,2.496437634,6/20/2013,1.1172,0.8951,0.814,1.2285,0.6953,1.4381,1.0756,0.9297,TRUE
106.7746667,106.2393333,2.391529119,6/21/2013,1.1192,0.8935,0.8152,1.2267,0.6953,1.4382,1.069,0.9355,FALSE
103.1563367,103.3996767,2.303440616,6/24/2013,1.1268,0.8875,0.8174,1.2235,0.6946,1.4397,1.0699,0.9347,FALSE
99.26534333,102.8370067,2.570738613,6/25/2013,1.1197,0.8931,0.8143,1.2281,0.6908,1.4475,1.0651,0.9389,TRUE
99.73311,99.43465333,3.021732915,6/26/2013,1.1097,0.9011,0.8151,1.2269,0.6914,1.4463,1.06,0.9434,TRUE
100.2563333,99.80333333,3.006821608,6/27/2013,1.1073,0.9031,0.8117,1.2319,0.6936,1.4418,1.0566,0.9464,FALSE
97.83892667,100.2496633,2.495275305,6/28/2013,1.1124,0.899,0.8134,1.2294,0.6958,1.4372,1.0582,0.945,TRUE
92.41566667,91.093,1.805479167,7/1/2013,1.096335838,0.913507514,0.82072948,1.218603854,0.681853757,1.467274566,1.078,0.928243353,FALSE
84.51933333,92.37196,1.525226217,7/2/2013,1.1093,0.9015,0.8094,1.2356,0.6944,1.44,1.0535,0.9492,TRUE
87.97666667,84.15266667,1.660471748,7/3/2013,1.1103,0.9007,0.8113,1.2325,0.6913,1.4465,1.0551,0.9478,FALSE
77.82266667,87.82635667,1.310736178,7/4/2013,1.0984,0.9104,0.8088,1.2363,0.6932,1.4426,1.0448,0.9571,TRUE
79.70766333,77.64333667,1.305179396,7/5/2013,1.098,0.9107,0.8097,1.235,0.6969,1.435,1.039,0.9625,TRUE
74.82,67.16768667,2.469627659,7/8/2013,1.0967,0.9118,0.8062,1.2404,0.6945,1.44,1.037,0.9643,FALSE
74.49967667,74.48966667,1.591605861,7/9/2013,1.0814,0.9247,0.804,1.2439,0.6922,1.4446,1.027,0.9737,TRUE
74.65266667,74.24667,1.325308093,7/10/2013,1.0855,0.9212,0.804,1.2439,0.6915,1.4461,1.0327,0.9683,TRUE
84.79333333,74.49566667,2.369105836,7/11/2013,1.0937,0.9143,0.8069,1.2393,0.696,1.4367,1.0527,0.9499,TRUE
86.20633667,84.83282667,1.262289403,7/12/2013,1.0974,0.9112,0.8094,1.2355,0.6991,1.4305,1.056,0.947,FALSE
90.78295333,93.00733333,2.850710615,7/15/2013,1.0949,0.9133,0.8064,1.2401,0.6969,1.4348,1.0515,0.951,TRUE
94.65676,90.54999667,1.842950377,7/16/2013,1.104,0.9058,0.8086,1.2367,0.7028,1.4228,1.0628,0.9409,FALSE
92.41666667,94.65333,1.165259074,7/17/2013,1.1055,0.9046,0.8099,1.2347,0.6984,1.4318,1.0604,0.943,TRUE
92.82300667,92.377,1.309282929,7/18/2013,1.098,0.9107,0.8077,1.2381,0.6952,1.4384,1.0562,0.9468,FALSE
86.27229667,92.98600667,1.49490829,7/19/2013,1.1022,0.9073,0.8094,1.2355,0.6971,1.4346,1.0636,0.9402,TRUE
87.24166667,86.31666,2.00552643,7/22/2013,1.1047,0.9052,0.8101,1.2345,0.6956,1.4377,1.0687,0.9357,FALSE
87.20033333,87.17,1.184080027,7/23/2013,1.0999,0.9092,0.808,1.2377,0.6953,1.4383,1.0674,0.9368,TRUE
89.50617,87.23033333,1.644517494,7/24/2013,1.1009,0.9083,0.8082,1.2374,0.6958,1.4373,1.069,0.9354,TRUE
90.12633,89.49051667,1.894539672,7/25/2013,1.1016,0.9078,0.8095,1.2354,0.6987,1.4312,1.0713,0.9335,TRUE
92,90.12333333,2.196006863,7/26/2013,1.1078,0.9027,0.8112,1.2327,0.7005,1.4275,1.0765,0.929,TRUE
93.66336,90.08666667,2.324024837,7/29/2013,1.1023,0.9072,0.81,1.2345,0.6996,1.4294,1.0743,0.9309,TRUE
95.358,93.66669333,2.724486578,7/30/2013,1.1068,0.9035,0.8105,1.2337,0.7054,1.4176,1.0753,0.93,TRUE
100.4972933,99.74789,1.955885437,8/1/2013,1.1053,0.9047,0.809,1.2361,0.706,1.4164,1.0692,0.9353,FALSE
98.45667667,100.32697,2.941828201,8/2/2013,1.1171,0.8952,0.8109,1.2332,0.7043,1.4199,1.076,0.9294,TRUE
98.61966667,98.39433333,3.097827218,8/5/2013,1.096335838,0.913507514,0.82072948,1.218603854,0.681853757,1.467274566,1.078,0.928243353,TRUE
100.3300033,98.65333333,2.937797919,8/6/2013,1.1198,0.893,0.8116,1.2322,0.7022,1.4242,1.0789,0.9269,TRUE
100.5221367,100.1880067,3.003197288,8/7/2013,1.1292,0.8856,0.8135,1.2293,0.6989,1.4307,1.0841,0.9224,FALSE
100.1799767,100.5254667,3.790828825,8/8/2013,1.1253,0.8887,0.8121,1.2314,0.6991,1.4305,1.0875,0.9196,FALSE
97.23433333,100.18664,3.877663303,8/9/2013,1.1172,0.8951,0.8129,1.2301,0.6993,1.4299,1.0843,0.9222,TRUE
97.40833333,96.48366333,2.593473108,8/12/2013,1.1134,0.8981,0.8122,1.2312,0.6988,1.4311,1.0813,0.9248,TRUE
100.91,99.08499667,2.062874977,8/14/2013,1.1034,0.9063,0.8065,1.24,0.6883,1.4528,1.069,0.9355,TRUE
103.1190167,100.7083967,2.228211065,8/15/2013,1.1077,0.9028,0.8077,1.2381,0.688,1.4536,1.0713,0.9335,FALSE
101.4643233,103.1183533,2.70918925,8/16/2013,1.1159,0.8961,0.8097,1.235,0.6906,1.448,1.0787,0.9271,TRUE
103.1773333,103.1556667,5.149355111,8/19/2013,1.1176,0.8948,0.8102,1.2343,0.6904,1.4484,1.0815,0.9247,TRUE
106.8173433,103.202,3.104550833,8/20/2013,1.1304,0.8846,0.8115,1.2322,0.6949,1.439,1.0894,0.9179,TRUE
109.72367,106.9833333,2.389860799,8/21/2013,1.1336,0.8821,0.812,1.2315,0.6924,1.4442,1.0855,0.9212,TRUE
113.6466733,109.7233433,2.998380688,8/22/2013,1.1381,0.8787,0.8103,1.2341,0.6949,1.439,1.0827,0.9236,FALSE
112.7066467,114.10832,3.163799941,8/23/2013,1.1418,0.8758,0.8109,1.2332,0.6971,1.4345,1.0859,0.9209,TRUE
114.8436733,111.69085,2.910596499,8/26/2013,1.1392,0.8778,0.8105,1.2338,0.696,1.4367,1.0835,0.9229,FALSE
113.4670733,114.8436667,2.243463264,8/27/2013,1.1432,0.8747,0.8131,1.2299,0.701,1.4265,1.0885,0.9187,TRUE
121.4683333,113.4466667,2.233750822,8/28/2013,1.1377,0.879,0.8137,1.2289,0.6988,1.431,1.0846,0.922,FALSE
121.2674467,120.6933533,3.070014274,8/30/2013,1.133,0.8826,0.8136,1.2291,0.6942,1.4406,1.0736,0.9314,TRUE
134.3573433,130.6,4.301296273,9/2/2013,1.096335838,0.913507514,0.82072948,1.218603854,0.681853757,1.467274566,1.078,0.928243353,FALSE
132.9746667,134.3540167,2.892488905,9/3/2013,1.125,0.8889,0.8114,1.2324,0.6871,1.4553,1.0681,0.9363,FALSE
132.7263333,132.7,2.250387621,9/4/2013,1.1202,0.8927,0.8089,1.2363,0.6832,1.4637,1.0687,0.9357,FALSE
123.938,132.733,2.010597423,9/5/2013,1.1125,0.8989,0.8076,1.2382,0.6795,1.4716,1.0595,0.9438,FALSE
123.5800067,123.6943333,3.651904327,9/6/2013,1.1073,0.9031,0.8095,1.2353,0.6818,1.4668,1.0657,0.9383,FALSE
120.03167,122.0653333,3.848610207,9/9/2013,1.1129,0.8986,0.8097,1.235,0.6828,1.4645,1.0736,0.9314,TRUE
124.51,120.14934,3.135325766,9/10/2013,1.1083,0.9023,0.807,1.2392,0.6803,1.47,1.0701,0.9345,TRUE
124.8947867,124.9013333,3.585163815,9/11/2013,1.1099,0.901,0.8073,1.2387,0.6793,1.4721,1.0737,0.9313,TRUE
131.2166667,124.7204533,3.51804583,9/12/2013,1.1112,0.8999,0.8087,1.2365,0.6808,1.469,1.0767,0.9287,FALSE
129.6916633,131.1963333,3.870232225,9/13/2013,1.1096,0.9012,0.8083,1.2372,0.6765,1.4781,1.073,0.932,TRUE
129.0867333,128.3307567,3.403802186,9/16/2013,1.1143,0.8974,0.8092,1.2358,0.6783,1.4744,1.0802,0.9258,TRUE
129.8961267,129.12,3.280320067,9/17/2013,1.1106,0.9004,0.808,1.2376,0.6787,1.4733,1.0792,0.9266,TRUE
130.19067,129.7633333,2.536323788,9/18/2013,1.1135,0.8981,0.8088,1.2364,0.6764,1.4784,1.0798,0.9261,TRUE
130.8347933,130.3500067,2.272514703,9/19/2013,1.1233,0.8902,0.8112,1.2327,0.684,1.4619,1.0973,0.9113,FALSE
126.6611233,130.8041133,3.268550044,9/20/2013,1.1299,0.885,0.8122,1.2312,0.6856,1.4586,1.0984,0.9104,TRUE
126.32267,126.36265,3.455692116,9/23/2013,1.1286,0.8861,0.8135,1.2293,0.6844,1.4612,1.0975,0.9111,FALSE
125.6386667,126.6183333,2.357655248,9/24/2013,1.1295,0.8853,0.8134,1.2295,0.6855,1.4588,1.0971,0.9115,TRUE
126.7909333,125.6986667,3.002669603,9/25/2013,1.1334,0.8823,0.8134,1.2294,0.6847,1.4605,1.1009,0.9083,TRUE
126.938,126.75166,2.696775709,9/26/2013,1.1334,0.8823,0.8144,1.2279,0.6859,1.458,1.0981,0.9106,TRUE
128.2296733,126.95845,2.741322714,9/27/2013,1.1382,0.8786,0.8163,1.225,0.6849,1.46,1.105,0.9049,TRUE
131.3150067,130.8633333,2.9131193,9/30/2013,1.1375,0.8791,0.8172,1.2237,0.6836,1.4628,1.106,0.9042,FALSE
130.3818333,131.3316733,2.292280406,10/1/2013,1.1401,0.8771,0.8152,1.2266,0.6808,1.4689,1.1034,0.9063,TRUE
130.459,130.84374,1.506281773,10/2/2013,1.1458,0.8728,0.8159,1.2256,0.6836,1.4628,1.109,0.9017,FALSE
116.9406667,130.4243333,1.558344248,10/3/2013,1.1505,0.8692,0.817,1.224,0.6894,1.4506,1.1145,0.8973,TRUE
118.50575,111.642,2.890492702,10/4/2013,1.1386,0.8783,0.8133,1.2295,0.6876,1.4544,1.1048,0.9051,TRUE
127.5530067,127.2342467,2.564651126,10/9/2013,1.1419,0.8757,0.8129,1.2302,0.6889,1.4516,1.0983,0.9105,TRUE
129.755,128.0033267,3.102676488,10/10/2013,1.1406,0.8767,0.8116,1.2321,0.6877,1.4541,1.0985,0.9103,TRUE
130.28371,129.5250033,2.820989856,10/11/2013,1.1408,0.8766,0.8102,1.2343,0.689,1.4514,1.0985,0.9103,TRUE
136.3376667,131.7226533,3.715367255,10/14/2013,1.096335838,0.913507514,0.82072948,1.218603854,0.681853757,1.467274566,1.078,0.928243353,TRUE
139.4566767,136.341,3.456285108,10/15/2013,1.1329,0.8827,0.8095,1.2353,0.6839,1.4623,1.0924,0.9154,TRUE
146.2796667,139.1861667,2.674764868,10/16/2013,1.129,0.8857,0.8091,1.236,0.6862,1.4572,1.0913,0.9163,FALSE
141.6133333,146.276,2.52799826,10/17/2013,1.1392,0.8778,0.8107,1.2335,0.6852,1.4594,1.1076,0.9028,TRUE
147.40667,141.5400033,1.638025986,10/18/2013,1.1413,0.8762,0.8102,1.2342,0.6856,1.4586,1.1095,0.9013,TRUE
170.4946667,167.8650133,3.330428061,10/21/2013,1.1417,0.8759,0.811,1.233,0.6866,1.4564,1.1088,0.9019,TRUE
181.4296667,170.498,1.42501452,10/22/2013,1.149,0.8703,0.811,1.2331,0.6888,1.4518,1.1173,0.895,TRUE
193.8566667,181.2483333,2.972786983,10/23/2013,1.1643,0.8589,0.8133,1.2296,0.6934,1.4421,1.1211,0.892,TRUE
203.4766667,194.2127633,2.103223898,10/24/2013,1.1689,0.8555,0.8121,1.2313,0.693,1.4431,1.1216,0.8916,FALSE
195.2416667,210.9633233,1.424979126,10/25/2013,1.1696,0.855,0.8114,1.2325,0.6927,1.4436,1.1192,0.8935,TRUE
195.9967,180.5618767,3.845438479,10/28/2013,1.1663,0.8574,0.81,1.2345,0.6922,1.4446,1.1166,0.8956,TRUE
197.5066667,196.4896667,1.414134005,10/29/2013,1.1628,0.86,0.8085,1.2369,0.6933,1.4425,1.1133,0.8983,TRUE
206.23,197.6733333,2.962664476,10/30/2013,1.1666,0.8572,0.8103,1.2342,0.694,1.441,1.1157,0.8963,FALSE
199.693,205.754,3.528393422,10/31/2013,1.1516,0.8684,0.8123,1.2311,0.6873,1.4549,1.1042,0.9056,TRUE
204.2164667,198.6966667,3.187091173,11/1/2013,1.1446,0.8737,0.8127,1.2305,0.6884,1.4526,1.096,0.9124,TRUE
214.3033367,205.3536667,2.57902814,11/4/2013,1.1436,0.8744,0.8124,1.2308,0.6885,1.4524,1.098,0.9107,TRUE
229.63713,214.5366667,1.211379642,11/5/2013,1.1447,0.8736,0.8135,1.2293,0.6829,1.4643,1.0956,0.9127,TRUE
243.8047433,229.4934633,1.623289242,11/6/2013,1.1432,0.8747,0.811,1.233,0.6824,1.4654,1.0972,0.9114,TRUE
254.6156667,243.9544667,1.383083238,11/7/2013,1.1369,0.8796,0.8131,1.2298,0.6776,1.4758,1.0888,0.9185,TRUE
294.1563333,275.7063333,1.058839211,11/8/2013,1.1372,0.8794,0.8119,1.2317,0.678,1.4749,1.0844,0.9222,FALSE
320.44367,345.886,2.76463452,11/11/2013,1.096335838,0.913507514,0.82072948,1.218603854,0.681853757,1.467274566,1.078,0.928243353,TRUE
342.744,321.9774,2.085192881,11/12/2013,1.1444,0.8738,0.8115,1.2323,0.6847,1.4605,1.0897,0.9177,TRUE
359.6523333,342.6506633,2.125410272,11/13/2013,1.1436,0.8744,0.8119,1.2317,0.6814,1.4675,1.0925,0.9154,TRUE
407.79333,359.63001,1.523228231,11/14/2013,1.147,0.8718,0.8113,1.2325,0.6797,1.4712,1.0927,0.9152,TRUE
418.7866667,413.88033,1.790806109,11/15/2013,1.1426,0.8752,0.8105,1.2338,0.6783,1.4743,1.0926,0.9153,TRUE
495.62697,438.6551633,1.31394068,11/18/2013,1.1431,0.8748,0.8109,1.2331,0.6805,1.4694,1.0963,0.9122,TRUE
711.5030233,495.8673333,0.924239043,11/19/2013,1.1482,0.8709,0.811,1.2331,0.681,1.4684,1.0971,0.9115,FALSE
575.62625,711.31669,1.284553061,11/20/2013,1.1403,0.877,0.8116,1.2321,0.6761,1.4792,1.0917,0.916,TRUE
594.33,574.7203367,1.302946033,11/21/2013,1.1486,0.8706,0.8116,1.2321,0.6768,1.4775,1.0933,0.9147,TRUE
719.7986167,591.7463367,0.635769224,11/22/2013,1.1613,0.8611,0.8137,1.229,0.68,1.4705,1.1023,0.9072,FALSE
764.6833333,798.0463333,2.627742784,11/25/2013,1.1565,0.8647,0.8116,1.2322,0.6787,1.4733,1.0958,0.9126,TRUE
797.293,764.6665533,1.451763772,11/26/2013,1.1613,0.8611,0.8124,1.2309,0.6804,1.4698,1.1011,0.9082,TRUE
925.4333367,795.3146667,1.264348266,11/27/2013,1.1654,0.8581,0.811,1.2331,0.6762,1.4789,1.1,0.9091,TRUE
992.6600333,922.551,1.156474098,11/28/2013,1.169,0.8554,0.8115,1.2323,0.6753,1.4808,1.1036,0.9062,TRUE
1025.616667,995.3077167,1.311551433,11/29/2013,1.1716,0.8535,0.8125,1.2307,0.6752,1.4811,1.1054,0.9047,FALSE
945.86564,1125.48,1.937236103,12/2/2013,1.1714,0.8537,0.8129,1.2302,0.6731,1.4857,1.1016,0.9078,TRUE
1041.385503,946.0033333,2.850997504,12/3/2013,1.1807,0.847,0.814,1.2285,0.6746,1.4823,1.1074,0.903,TRUE
1069.166667,1039.021333,2.599834968,12/4/2013,1.1817,0.8462,0.8151,1.2269,0.6756,1.4801,1.1048,0.9051,TRUE
1148.655,1069.166667,1.67009899,12/5/2013,1.185,0.8439,0.8152,1.2267,0.6822,1.4657,1.1139,0.8977,FALSE
1040.768167,1145.835,1.702039616,12/6/2013,1.1928,0.8384,0.8172,1.2238,0.6852,1.4595,1.1186,0.8939,TRUE
792.1666667,695.5171867,4.465376421,12/9/2013,1.1937,0.8377,0.8173,1.2235,0.6839,1.4622,1.1218,0.8914,TRUE
899.13,794.9933333,3.167738707,12/10/2013,1.1967,0.8356,0.8184,1.2219,0.6859,1.4578,1.1265,0.8877,TRUE
990.9516667,896.7066667,2.243745693,12/11/2013,1.1977,0.8349,0.8184,1.2218,0.689,1.4514,1.1292,0.8856,FALSE
884.8476667,987.85667,3.8188231,12/12/2013,1.1953,0.8366,0.8168,1.2243,0.6881,1.4534,1.1233,0.8902,FALSE
877.0733,880.68301,3.633650716,12/13/2013,1.1899,0.8404,0.8184,1.222,0.6894,1.4506,1.1231,0.8904,TRUE
881.88,865.9,2.867857651,12/16/2013,1.1914,0.8393,0.8188,1.2213,0.6906,1.448,1.1264,0.8878,FALSE
713.6666667,880.3213333,1.969453942,12/17/2013,1.1962,0.836,0.82,1.2194,0.6937,1.4416,1.1274,0.887,FALSE
682.9066667,713.167,1.53602969,12/18/2013,1.1997,0.8335,0.8187,1.2214,0.6877,1.454,1.127,0.8873,FALSE
521.201,683.218,2.241784716,12/19/2013,1.1912,0.8395,0.8164,1.2248,0.6812,1.4681,1.1158,0.8962,TRUE
699.3299967,520.4033333,2.520920254,12/20/2013,1.193,0.8382,0.817,1.2241,0.683,1.4641,1.117,0.8952,TRUE
618.7803333,606.5416667,2.996196561,12/23/2013,1.1856,0.8435,0.8162,1.2252,0.6837,1.4626,1.1182,0.8943,TRUE
672.77502,618.7799933,3.217882539,12/24/2013,1.185,0.8439,0.816,1.2255,0.6817,1.4669,1.1159,0.8961,FALSE
668.7933333,673.99333,1.480763477,12/25/2013,1.096335838,0.913507514,0.82072948,1.218603854,0.681853757,1.467274566,1.078,0.928243353,TRUE
687.11,666.8106667,5.261383348,12/26/2013,1.096335838,0.913507514,0.82072948,1.218603854,0.681853757,1.467274566,1.078,0.928243353,TRUE
764.137,687.0866667,3.806886598,12/27/2013,1.2029,0.8313,0.817,1.224,0.682,1.4664,1.1245,0.8893,TRUE
744.9986667,731.2753333,3.959077712,12/30/2013,1.2001,0.8333,0.8165,1.2248,0.6828,1.4646,1.1279,0.8866,TRUE
756.7959867,746.002,4.166517839,12/31/2013,1.1945,0.8372,0.8151,1.2269,0.6777,1.4757,1.1231,0.8904,FALSE
756.1683433,755.4619733,6.099053554,1/1/2014,1.096335838,0.913507514,0.82072948,1.218603854,0.681853757,1.467274566,1.078,0.928243353,TRUE
771.6316667,756.1700067,4.452612611,1/2/2014,1.1817,0.8462,0.813,1.23,0.676,1.4792,1.1114,0.8998,TRUE
808.0636667,768.2890333,2.198515414,1/3/2014,1.1735,0.8522,0.8127,1.2305,0.6732,1.4855,1.1056,0.9045,TRUE
941.3333333,860.72999,2.561404881,1/6/2014,1.1795,0.8478,0.8115,1.2322,0.6743,1.4829,1.1066,0.9037,TRUE
952.3796633,941.099,4.027971592,1/7/2014,1.1821,0.846,0.8082,1.2374,0.6702,1.4921,1.1004,0.9087,FALSE
807.8133333,951.2266667,3.581839894,1/8/2014,1.1869,0.8425,0.8086,1.2367,0.6674,1.4983,1.0986,0.9103,TRUE
861.2083333,807.3,5.641952466,1/9/2014,1.1942,0.8374,0.8098,1.2349,0.6687,1.4955,1.1005,0.9086,FALSE
861.1533333,859.3766667,6.465856643,1/10/2014,1.2085,0.8275,0.8103,1.2342,0.6721,1.4878,1.107,0.9034,FALSE
874.3503333,930.2933367,5.604315918,1/13/2014,1.2043,0.8304,0.812,1.2316,0.6765,1.4781,1.108,0.9025,FALSE
856.9760333,871.68,3.812947239,1/14/2014,1.2137,0.8239,0.8114,1.2325,0.6748,1.4818,1.11,0.9009,FALSE
829.7119933,835.3498467,4.378488387,1/30/2014,1.2353,0.8095,0.8161,1.2253,0.6707,1.4909,1.1058,0.9043,FALSE
846.4833333,854.98,8.315143756,2/3/2014,1.2286,0.8139,0.8203,1.2191,0.6803,1.47,1.1092,0.9015,FALSE
843.50133,846.5813367,4.073500544,2/4/2014,1.2213,0.8188,0.818,1.2225,0.6778,1.4754,1.1047,0.9052,FALSE
823.4266667,843.3266633,3.072683249,2/5/2014,1.2277,0.8145,0.8181,1.2224,0.6782,1.4745,1.1059,0.9042,FALSE
785.9489967,822.8200033,1.980293516,2/6/2014,1.2305,0.8127,0.8174,1.2233,0.6804,1.4698,1.112,0.8993,FALSE
705.5393933,785.3266667,2.774340899,2/7/2014,1.2252,0.8162,0.8169,1.2242,0.6783,1.4742,1.112,0.8993,TRUE
